{"cameraMode":{"drawMode":0,"name":"Shaded","section":"Shading Mode"},"sceneLighting":true,"audioPlay":false,"sceneViewState":{"showFog":true,"showMaterialUpdate":true,"showSkybox":true,"showFlares":true,"showImageEffects":true,"showParticleSystems":true},"in2DMode":false,"pivot":{"x":1.6999757289886475,"y":5.9037885665893559,"z":-0.014140129089355469},"rotation":{"x":0.03905447572469711,"y":-0.9309898614883423,"z":0.10461248457431793,"w":0.34755605459213259},"size":6.416008472442627,"orthographic":false}