{"cameraMode":{"drawMode":0,"name":"Shaded","section":"Shading Mode"},"sceneLighting":true,"audioPlay":false,"sceneViewState":{"showFog":true,"showMaterialUpdate":true,"showSkybox":true,"showFlares":true,"showImageEffects":true,"showParticleSystems":true},"in2DMode":false,"pivot":{"x":14.651225090026856,"y":8.092226028442383,"z":75.49626159667969},"rotation":{"x":-0.0050833560526371,"y":0.07942745834589005,"z":0.0004414977738633752,"w":0.9969362616539002},"size":87.23426055908203,"orthographic":false}